{
  "tracks": [
    [
      1,
      "Prologue",
      "0:00",
      6.4
    ],
    [
      2,
      "Vampire Killer",
      "0:07",
      29.866666666666667
    ],
    [
      3,
      "Stalker",
      "0:38",
      34.13333333333333
    ],
    [
      4,
      "Wicked Child",
      "1:13",
      68.0
    ],
    [
      5,
      "Walking on the Edge",
      "2:22",
      32.0
    ],
    [
      6,
      "Heart of Fire",
      "2:55",
      59.733333333333334
    ],
    [
      7,
      "Out of Time",
      "3:56",
      41.6
    ],
    [
      8,
      "Nothing to Lose",
      "4:38",
      35.2
    ],
    [
      9,
      "Poison Mind",
      "5:14",
      7.466666666666667
    ],
    [
      10,
      "Black Night",
      "5:23",
      17.6
    ],
    [
      11,
      "Voyager",
      "5:42",
      52.083333333333336
    ],
    [
      12,
      "Game Over",
      "6:35",
      4.0
    ],
    [
      13,
      "Boss Fight",
      "6:40",
      4.1
    ],
    [
      14,
      "Stage Clear",
      "6:45",
      1.6
    ],
    [
      15,
      "Death SFX",
      "6:47",
      4.533333333333333
    ]
  ],
  "total_duration": 412.3166666666667
}